{"assets/logo.png":["assets/logo.png"],"assets/logos/discord-mark-white.png":["assets/logos/discord-mark-white.png"],"assets/logos/discord-mark-white.svg":["assets/logos/discord-mark-white.svg"],"assets/lotties/AutomaticGameFinding.json":["assets/lotties/AutomaticGameFinding.json"],"assets/lotties/QuiplashOutput.json":["assets/lotties/QuiplashOutput.json"],"assets/lotties/TriviaMurder.json":["assets/lotties/TriviaMurder.json"],"packages/cupertino_icons/assets/CupertinoIcons.ttf":["packages/cupertino_icons/assets/CupertinoIcons.ttf"],"packages/fluent_ui/assets/AcrylicNoise.png":["packages/fluent_ui/assets/AcrylicNoise.png"],"packages/fluent_ui/fonts/FluentIcons.ttf":["packages/fluent_ui/fonts/FluentIcons.ttf"],"packages/window_manager/images/ic_chrome_close.png":["packages/window_manager/images/ic_chrome_close.png"],"packages/window_manager/images/ic_chrome_maximize.png":["packages/window_manager/images/ic_chrome_maximize.png"],"packages/window_manager/images/ic_chrome_minimize.png":["packages/window_manager/images/ic_chrome_minimize.png"],"packages/window_manager/images/ic_chrome_unmaximize.png":["packages/window_manager/images/ic_chrome_unmaximize.png"]}